{
  "project_info": {
    "project_number": "887419761153",
    "firebase_url": "https://logindemo-668ef.firebaseio.com",
    "project_id": "logindemo-668ef",
    "storage_bucket": "logindemo-668ef.appspot.com"
  },
  "client": [
    {
      "client_info": {
        "mobilesdk_app_id": "1:887419761153:android:4610b90d8b8046cd",
        "android_client_info": {
          "package_name": "com.example.kailus.myapplication"
        }
      },
      "oauth_client": [
        {
          "client_id": "887419761153-ga0j0g72cgruf231o4kjtctk1lr75giu.apps.googleusercontent.com",
          "client_type": 3
        }
      ],
      "api_key": [
        {
          "current_key": "AIzaSyCE0XQ5xKr5IKnopr69eZJFLQwMN94b1H0"
        }
      ],
      "services": {
        "analytics_service": {
          "status": 1
        },
        "appinvite_service": {
          "status": 1,
          "other_platform_oauth_client": []
        },
        "ads_service": {
          "status": 2
        }
      }
    }
  ],
  "configuration_version": "1"
}